No,機種,コース
1,B社,2.ファミリー
2,B社,2.ファミリー
3,B社,2.ファミリー
4,A社,3.エクゼクティブ
5,B社,2.ファミリー
6,B社,2.ファミリー
7,B社,2.ファミリー
8,C社,1.エコノミー
9,B社,2.ファミリー
10,C社,2.ファミリー
11,B社,2.ファミリー
12,A社,1.エコノミー
13,A社,1.エコノミー
14,A社,3.エクゼクティブ
15,C社,2.ファミリー
16,B社,2.ファミリー
17,B社,2.ファミリー
18,C社,1.エコノミー
19,C社,3.エクゼクティブ
20,C社,1.エコノミー
21,B社,2.ファミリー
22,B社,2.ファミリー
23,B社,2.ファミリー
24,A社,3.エクゼクティブ
25,C社,1.エコノミー
26,B社,2.ファミリー
27,C社,3.エクゼクティブ
28,B社,2.ファミリー
29,C社,1.エコノミー
30,C社,1.エコノミー
31,C社,1.エコノミー
32,C社,1.エコノミー
33,C社,3.エクゼクティブ
34,B社,2.ファミリー
35,C社,3.エクゼクティブ
36,C社,3.エクゼクティブ
37,C社,2.ファミリー
38,C社,2.ファミリー
39,A社,3.エクゼクティブ
40,B社,2.ファミリー
41,C社,1.エコノミー
42,B社,2.ファミリー
43,C社,3.エクゼクティブ
44,A社,3.エクゼクティブ
45,C社,2.ファミリー
46,C社,2.ファミリー
47,C社,1.エコノミー
48,B社,2.ファミリー
49,B社,2.ファミリー
50,C社,3.エクゼクティブ
51,B社,2.ファミリー
52,B社,2.ファミリー
53,B社,1.エコノミー
54,C社,2.ファミリー
55,C社,2.ファミリー
56,B社,2.ファミリー
57,C社,1.エコノミー
58,C社,1.エコノミー
59,B社,2.ファミリー
60,B社,1.エコノミー
61,A社,2.ファミリー
62,A社,3.エクゼクティブ
63,A社,2.ファミリー
64,B社,3.エクゼクティブ
65,B社,2.ファミリー
66,C社,1.エコノミー
67,B社,2.ファミリー
68,C社,1.エコノミー
69,C社,1.エコノミー
70,B社,2.ファミリー
71,B社,2.ファミリー
72,C社,2.ファミリー
73,C社,2.ファミリー
74,B社,2.ファミリー
75,C社,1.エコノミー
76,B社,2.ファミリー
77,B社,3.エクゼクティブ
78,C社,1.エコノミー
79,C社,2.ファミリー
80,A社,3.エクゼクティブ
81,B社,2.ファミリー
82,C社,2.ファミリー
83,C社,3.エクゼクティブ
84,C社,1.エコノミー
85,B社,2.ファミリー
86,B社,2.ファミリー
87,C社,1.エコノミー
88,C社,1.エコノミー
89,C社,1.エコノミー
90,B社,2.ファミリー
91,C社,3.エクゼクティブ
92,C社,3.エクゼクティブ
93,C社,2.ファミリー
94,C社,2.ファミリー
95,B社,2.ファミリー
96,B社,2.ファミリー
97,C社,3.エクゼクティブ
98,A社,2.ファミリー
99,C社,3.エクゼクティブ
100,C社,3.エクゼクティブ
101,B社,2.ファミリー
102,C社,2.ファミリー
103,C社,2.ファミリー
104,B社,1.エコノミー
105,C社,1.エコノミー
106,B社,2.ファミリー
107,B社,3.エクゼクティブ
108,C社,1.エコノミー
109,C社,2.ファミリー
110,A社,3.エクゼクティブ
111,A社,3.エクゼクティブ
112,C社,1.エコノミー
113,B社,2.ファミリー
114,C社,3.エクゼクティブ
115,B社,2.ファミリー
116,B社,2.ファミリー
117,A社,3.エクゼクティブ
118,B社,2.ファミリー
119,B社,2.ファミリー
120,B社,2.ファミリー
121,A社,2.ファミリー
122,A社,3.エクゼクティブ
123,A社,3.エクゼクティブ
124,B社,2.ファミリー
125,C社,1.エコノミー
126,B社,2.ファミリー
127,C社,3.エクゼクティブ
128,A社,3.エクゼクティブ
129,C社,1.エコノミー
130,C社,2.ファミリー
131,C社,1.エコノミー
132,C社,1.エコノミー
133,C社,2.ファミリー
134,A社,3.エクゼクティブ
135,B社,2.ファミリー
136,A社,3.エクゼクティブ
